<?xml version="1.0" encoding="UTF-8" ?>
<!DOCTYPE mapper
        PUBLIC "-//mybatis.org//DTD Mapper 3.0//EN"
        "http://mybatis.org/dtd/mybatis-3-mapper.dtd">

<mapper namespace="org.scoula.board.mapper.BoardMapper">
    <insert id="create" parameterType="org.scoula.board.domain.BoardVO">
        <!--
        문제 1번: XML코드 구현 부분
            조건1- 삽입하는 컬럼을 테이블이름 뒤에 명시해야 함.
            조건2- no컬럼은 자동 증가하므로 명시하지 않음.
            조건3- 필요한 경우 insert태그 내 속성을 추가
                  (필요 없는 경우에는 추가할 필요 없음)
        -->
        insert into tbl_board(title, content, writer)
        values (#{title}, #{content}, #{writer})
    </insert>

    <update id="update">
        update tbl_board set
             title = #{title},
             content = #{content},
             writer = #{writer},
             update_date = now()
        where no = #{no}
    </update>

    <delete id="delete">
        delete from tbl_board where no = #{no}
    </delete>


    <select id="getList" resultType="org.scoula.board.domain.BoardVO">
        <!--
        문제 2번: XML코드 구현 부분
            조건1- no로 내림차순 정렬 처리해야 함.
            조건2- 테이블의 모든 컬럼을 검색함.
            조건3- 필요한 경우 select태그 내 속성을 추가
                  (필요 없는 경우에는 추가할 필요 없음)
        -->
        select *
        from tbl_board
        order by no desc
	</select>

    <select id="get" parameterType="java.lang.Long"
            resultType="org.scoula.board.domain.BoardVO">
        <!--
        문제 3번: XML코드 구현 부분
            조건1- no로 조건 검색 처리해야함.
            조건2- no로 테이블의 모든 컬럼을 검색함.
            조건3- 필요한 경우 select태그 내 속성을 추가
                  (필요 없는 경우에는 추가할 필요 없음)
        -->
        select *
        from tbl_board
        where no = #{no}
    </select>

</mapper>
